customer_id	customer_fname	customer_lname	username	password	address	city	state	pincode
1	Richard	Hernandez	XXXXXXXXX	XXXXXXXXX	6303 Heather Plaza	Brownsville	TX	78521
2	Mary	Barrett	XXXXXXXXX	XXXXXXXXX	9526 Noble Embers Ridge	Littleton	CO	80126
3	Ann	Smith	XXXXXXXXX	XXXXXXXXX	3422 Blue Pioneer Bend	Caguas	PR	725
4	Mary	Jones	XXXXXXXXX	XXXXXXXXX	8324 Little Common	San Marcos	CA	92069
5	Robert	Hudson	XXXXXXXXX	XXXXXXXXX	10 Crystal River Mall 	Caguas	PR	725
6	Mary	Smith	XXXXXXXXX	XXXXXXXXX	3151 Sleepy Quail Promenade	Passaic	NJ	7055
7	Melissa	Wilcox	XXXXXXXXX	XXXXXXXXX	9453 High Concession	Caguas	PR	725
8	Megan	Smith	XXXXXXXXX	XXXXXXXXX	3047 Foggy Forest Plaza	Lawrence	MA	1841
9	Mary	Perez	XXXXXXXXX	XXXXXXXXX	3616 Quaking Street	Caguas	PR	725
10	Melissa	Smith	XXXXXXXXX	XXXXXXXXX	8598 Harvest Beacon Plaza	Stafford	VA	22554
11	Mary	Huffman	XXXXXXXXX	XXXXXXXXX	3169 Stony Woods	Caguas	PR	725
12	Christopher	Smith	XXXXXXXXX	XXXXXXXXX	5594 Jagged Embers By-pass	San Antonio	TX	78227
13	Mary	Baldwin	XXXXXXXXX	XXXXXXXXX	7922 Iron Oak Gardens	Caguas	PR	725
14	Katherine	Smith	XXXXXXXXX	XXXXXXXXX	5666 Hazy Pony Square	Pico Rivera	CA	90660
15	Jane	Luna	XXXXXXXXX	XXXXXXXXX	673 Burning Glen	Fontana	CA	92336
16	Tiffany	Smith	XXXXXXXXX	XXXXXXXXX	6651 Iron Port	Caguas	PR	725
17	Mary	Robinson	XXXXXXXXX	XXXXXXXXX	1325 Noble Pike	Taylor	MI	48180
18	Robert	Smith	XXXXXXXXX	XXXXXXXXX	2734 Hazy Butterfly Circle	Martinez	CA	94553
19	Stephanie	Mitchell	XXXXXXXXX	XXXXXXXXX	3543 Red Treasure Bay	Caguas	PR	725
20	Mary	Ellis	XXXXXXXXX	XXXXXXXXX	4703 Old Route	West New York	NJ	7093
21	William	Zimmerman	XXXXXXXXX	XXXXXXXXX	3323 Old Willow Mall 	Caguas	PR	725
22	Joseph	Smith	XXXXXXXXX	XXXXXXXXX	7740 Broad Fox Villas	North Bergen	NJ	7047
23	Benjamin	Duarte	XXXXXXXXX	XXXXXXXXX	8811 High Horse Impasse	San Juan	PR	921
24	Mary	Smith	XXXXXXXXX	XXXXXXXXX	9417 Emerald Towers	Caguas	PR	725
25	Paul	Richardson	XXXXXXXXX	XXXXXXXXX	318 Merry Creek Mountain	Peoria	AZ	85345
26	Johnny	Hood	XXXXXXXXX	XXXXXXXXX	9576 Middle Hills Round	Glenview	IL	60025
27	Mary	Vincent	XXXXXXXXX	XXXXXXXXX	1768 Sleepy Zephyr Place	Caguas	PR	725
28	Timothy	Smith	XXXXXXXXX	XXXXXXXXX	9366 Colonial Horse Close	Longview	WA	98632
29	Mary	Humphrey	XXXXXXXXX	XXXXXXXXX	2469 Blue Brook Crossing	Fort Worth	TX	76133
30	Barbara	Smith	XXXXXXXXX	XXXXXXXXX	2455 Merry Hollow	Caguas	PR	725
31	Mary	Byrd	XXXXXXXXX	XXXXXXXXX	8259 Foggy Edge	Albuquerque	NM	87111
32	Alice	Smith	XXXXXXXXX	XXXXXXXXX	2082 Hidden Green	Caguas	PR	725
33	Adam	Petersen	XXXXXXXXX	XXXXXXXXX	9768 Noble Horse Heights	Norfolk	VA	23503
34	Mary	Smith	XXXXXXXXX	XXXXXXXXX	3330 Easy Berry Range	Caguas	PR	725
35	Margaret	Wright	XXXXXXXXX	XXXXXXXXX	9456 Sleepy Jetty	Oceanside	CA	92056
36	Michelle	Carey	XXXXXXXXX	XXXXXXXXX	6336 Fallen Village	Caguas	PR	725
37	Virginia	Conrad	XXXXXXXXX	XXXXXXXXX	6115 Indian Beacon Close	Norfolk	VA	23503
38	Mary	Smith	XXXXXXXXX	XXXXXXXXX	2805 Crystal Moor	Opelousas	LA	70570
39	Juan	Mckinney	XXXXXXXXX	XXXXXXXXX	7274 Blue Wagon  Villas	Caguas	PR	725
40	Mary	Smith	XXXXXXXXX	XXXXXXXXX	7358 Rocky Villas	Long Beach	CA	90805
41	Victoria	Mason	XXXXXXXXX	XXXXXXXXX	7869 Crystal View Villas	Brooklyn	NY	11230
42	Ethan	Smith	XXXXXXXXX	XXXXXXXXX	7533 Thunder Wagon  Beach	Duluth	GA	30096
43	Mary	Herring	XXXXXXXXX	XXXXXXXXX	4575 Thunder Dale	Caguas	PR	725
44	Howard	Smith	XXXXXXXXX	XXXXXXXXX	1356 Easy Plaza	Napa	CA	94558
45	Mary	Nunez	XXXXXXXXX	XXXXXXXXX	1229 Bright Robin Corners	Denver	CO	80231
46	Jennifer	Smith	XXXXXXXXX	XXXXXXXXX	5463 Rocky Autoroute	Freeport	NY	11520
47	Lori	Fuller	XXXXXXXXX	XXXXXXXXX	357 Noble Lane	Caguas	PR	725
48	Mary	Cowan	XXXXXXXXX	XXXXXXXXX	1040 Hazy Timber Lookout	Strongsville	OH	44136
49	Martha	Smith	XXXXXXXXX	XXXXXXXXX	7449 Merry Chase	Caguas	PR	725
50	Mary	Kim	XXXXXXXXX	XXXXXXXXX	938 Rustic Pine Ridge	San Bernardino	CA	92410
51	Jessica	Smith	XXXXXXXXX	XXXXXXXXX	8344 Dewy Fawn Farms	Caguas	PR	725
52	Mary	Lawson	XXXXXXXXX	XXXXXXXXX	65 Silent Inlet	Chicago	IL	60622
53	Katherine	Smith	XXXXXXXXX	XXXXXXXXX	975 Honey Loop	Roswell	GA	30075
54	Mary	Olson	XXXXXXXXX	XXXXXXXXX	7333 Cinder Way	Caguas	PR	725
55	Janet	Farley	XXXXXXXXX	XXXXXXXXX	6512 Middle Parade	Phoenix	AZ	85029
56	Mary	Kaiser	XXXXXXXXX	XXXXXXXXX	7554 Stony Goose Crossing	Caguas	PR	725
57	Mary	Smith	XXXXXXXXX	XXXXXXXXX	57 High Villas	Baltimore	MD	21229
58	Michael	Edwards	XXXXXXXXX	XXXXXXXXX	4770 Blue Pines	Caguas	PR	725
59	Douglas	James	XXXXXXXXX	XXXXXXXXX	2306 Green Lane	Sunnyvale	CA	94086
60	Mary	Gutierrez	XXXXXXXXX	XXXXXXXXX	8632 Bright Route	Webster	NY	14580
61	Margaret	Summers	XXXXXXXXX	XXXXXXXXX	8963 Hidden Panda Meadow	Caguas	PR	725
62	Mary	Oneal	XXXXXXXXX	XXXXXXXXX	2659 Jagged Rabbit View	Brooklyn	NY	11223
63	Aaron	Smith	XXXXXXXXX	XXXXXXXXX	2265 Foggy Lagoon Bend	Caguas	PR	725
64	Mary	Reynolds	XXXXXXXXX	XXXXXXXXX	2407 Gentle Woods	Chicago	IL	60647
65	Jennifer	Smith	XXXXXXXXX	XXXXXXXXX	7126 Shady Bluff Promenade	Princeton	NJ	8540
66	Mary	Booth	XXXXXXXXX	XXXXXXXXX	8824 Noble View Valley	Caguas	PR	725
67	Samantha	Smith	XXXXXXXXX	XXXXXXXXX	7869 Wishing Anchor Court	Chicago	IL	60619
68	Mary	Oneal	XXXXXXXXX	XXXXXXXXX	376 Silver Terrace	Peoria	AZ	85345
69	Megan	Smith	XXXXXXXXX	XXXXXXXXX	7796 Thunder Forest Villas	Caguas	PR	725
70	Mary	Simmons	XXXXXXXXX	XXXXXXXXX	5553 Cinder Harbour	Los Angeles	CA	90042
71	Charles	Smith	XXXXXXXXX	XXXXXXXXX	6140 Pleasant Dale Farm	Philadelphia	PA	19145
72	Frank	Gillespie	XXXXXXXXX	XXXXXXXXX	5332 Heather Hills Isle	Vista	CA	92084
73	Mary	Smith	XXXXXXXXX	XXXXXXXXX	8247 Little Cider Close	Caguas	PR	725
74	Alice	Rush	XXXXXXXXX	XXXXXXXXX	409 Iron Park	Jacksonville	NC	28540
75	Mary	Smith	XXXXXXXXX	XXXXXXXXX	1510 Broad Rise Expressway	Caguas	PR	725
76	Joseph	Young	XXXXXXXXX	XXXXXXXXX	7605 Tawny Horse Falls	Los Angeles	CA	90016
77	Shirley	Dalton	XXXXXXXXX	XXXXXXXXX	1021 Silver Log Cape	Caguas	PR	725
78	Jeremy	Smith	XXXXXXXXX	XXXXXXXXX	2714 Dewy Bay	Parkville	MD	21234
79	Mary	Watkins	XXXXXXXXX	XXXXXXXXX	1315 Honey Rabbit Link	Knoxville	TN	37922
80	Joe	Parsons	XXXXXXXXX	XXXXXXXXX	3891 Broad Line	Caguas	PR	725
81	Mary	Smith	XXXXXXXXX	XXXXXXXXX	8434 Honey Pines	Ithaca	NY	14850
82	Jonathan	Cook	XXXXXXXXX	XXXXXXXXX	7885 Sleepy Cove	San Antonio	TX	78240
83	Mary	Wong	XXXXXXXXX	XXXXXXXXX	8584 Lazy Via	Caguas	PR	725
84	Douglas	Smith	XXXXXXXXX	XXXXXXXXX	6540 Emerald Turnabout	Tampa	FL	33624
85	Mary	Perez	XXXXXXXXX	XXXXXXXXX	5104 Iron Log Limits	Caguas	PR	725
86	John	Smith	XXXXXXXXX	XXXXXXXXX	8780 Colonial Orchard	Fort Worth	TX	76106
87	Gloria	Brown	XXXXXXXXX	XXXXXXXXX	3996 Crystal Zephyr Swale	Caguas	PR	725
88	Mary	Henry	XXXXXXXXX	XXXXXXXXX	7262 Cotton Arbor	Atlanta	GA	30318
89	Sean	Smith	XXXXXXXXX	XXXXXXXXX	9126 Wishing Expressway	Escondido	CA	92027
90	Mary	Hurley	XXXXXXXXX	XXXXXXXXX	6640 Sunny Via	Caguas	PR	725
91	Ashley	Smith	XXXXXXXXX	XXXXXXXXX	4515 Golden Manor	Spring	TX	77379
92	Alexander	Medina	XXXXXXXXX	XXXXXXXXX	2805 Dewy Impasse	Caguas	PR	725
93	Mary	Robbins	XXXXXXXXX	XXXXXXXXX	456 Colonial Glen	Annapolis	MD	21401
94	Mary	Smith	XXXXXXXXX	XXXXXXXXX	921 Broad Chase	Caguas	PR	725
95	Susan	Williams	XXXXXXXXX	XXXXXXXXX	3587 Thunder Rise	Hyattsville	MD	20783
96	Virginia	Smith	XXXXXXXXX	XXXXXXXXX	6080 Blue Close	Caguas	PR	725
97	Mary	Rhodes	XXXXXXXXX	XXXXXXXXX	1463 Silver Mountain Gate	Phoenix	AZ	85008
98	William	Smith	XXXXXXXXX	XXXXXXXXX	4592 Grand Timber Ramp	Caguas	PR	725
99	Betty	Munoz	XXXXXXXXX	XXXXXXXXX	9761 Green Jetty	Las Vegas	NV	89123
100	George	Barrett	XXXXXXXXX	XXXXXXXXX	4110 Silent Pointe	Caguas	PR	725
